{"_timestamp":1.7506051143550892e+09,"_wandb":{"runtime":419},"_runtime":419.381379186,"_step":9,"training_loss":0.016523623343887208}