{"_step":1,"_wandb":{"runtime":18},"training_loss":0.7376560233533382,"_timestamp":1.7517112154529572e+09,"_runtime":18.129861543}