{"_step":4,"_wandb":{"runtime":27},"loss":0.4,"_timestamp":1.7516389169694965e+09,"_runtime":19.538546929}