{"_runtime":419.399617796,"_step":9,"training_loss":0.0172073468330163,"_wandb":{"runtime":419},"_timestamp":1.750604438706027e+09}