{"_wandb":{"runtime":419},"_timestamp":1.750603553489461e+09,"_runtime":419.45343962,"_step":9,"training_loss":0.016747462197760993}