{"_wandb":{"runtime":18},"_runtime":18.216115404,"_step":1,"training_loss":0.7388688996434212,"_timestamp":1.751710909908886e+09}