{"_runtime":18.11431366,"_step":1,"training_loss":0.7510732226073742,"_wandb":{"runtime":18},"_timestamp":1.7517116360487208e+09}