{"_wandb":{"runtime":18},"_timestamp":1.7517141640161047e+09,"_runtime":18.167135064,"_step":1,"training_loss":0.7393444329500198}