{"_step":1,"training_loss":0.7439431697130203,"_timestamp":1.7517106032916353e+09,"_runtime":18.248456311,"_wandb":{"runtime":18}}